;query;answer
331;why is beach erosion a problem;Beach erosion is a problem because it uses this sand to sustain the environment.
731;world's largest wave ever surfed;Hugo Vau could have smashed a world record amid claims he surfed one of the biggest waves ever seen at Nazare, Portugal.
1793;ecotourism effects on coral reef;No Answer Present.
1961;environmental benefits of tidal energy;No Answer Present.
10410;largest offshore territory;No Answer Present.
10411;largest oil spill;"the world's largest oil spills fit into three different categories: 1) acts of war; 2) out-of-control wells; and 3) tanker accidents."
10412;largest oilfield services company;Schlumberger is the world’s biggest oilfield services company.
12049;ocean meaning;Ocean is a large body of water constituting a principal part of the hydrosphere body of water.
12067;oil spills impact on the environment;No Answer Present.
13550;sea chest meaning;Sea chest is a fitting in a hull below the water line, for admitting or discharging water.
14483;temperature range of sea turtle eggs;No Answer Present.
14558;the average air pressure at sea-level in standard meteorological units is ______ millibars.;The average air pressure at sea level in standard meteorological units is 1013.25 millibars.
14871;tide times;Tide times in the UK vary around the coast depending on the position of the moon, sun and various other influences.
17088;what are all the oceans;The five major oceans on Earth are the Pacific Ocean, the Atlantic Ocean, the Indian Ocean, the Arctic Ocean, and the Southern Ocean.
17218;what are coral reefs definition;A coral reef is a long narrow mass of coral and other substances.
17896;what are the characteristics of ocean systems;No Answer Present.
18118;what are the major effects of oil pollution on the environment;Major oil spills include , Lakeview Gusher, Gulf War oil spill, and the Deepwater Horizon oil spill.
19518;what could be one possible effect on human health due to an oil spill?;No Answer Present.
20148;what creates the tides on earth?;Since the gravitational force favours the moon, the ocean water is always bulging in the direction of the moon. This movement is called the tidal force.
20171;what damage do rip tides do;A rip can often be hard to see and absent from breaking waves, and only recognised by a ripple on the top of the water that heads out to sea.
20528;what do african mud turtles eat;No Answer Present.
20558;what do captivity musk turtles eat;No Answer Present.
20561;what do caspian pond turtles eat;No Answer Present.
20573;what do coral symbolize;Coral symbolizes life, death depending on how you look at it.
22398;what does ocean currents differences cause the water to do;The water of the ocean surface moves in a regular pattern called surface ocean currents. On this map, warm currents are shown in red and cold currents are shown in blue. Image Credit: Windows to the Universe.
22647;what does rise in sea level mean;Sea level rise is also known as submergence, since land above current mean sea level is drowned or submerged.
22931;what does the density of ocean water depend upon?;"The density of sea water depends on: temperature T, salinity S and ; pressure P, which increases with water depth."
23736;what forms the structure called a coral reef?;No Answer Present.
26781;what is coral stone made of;No Answer Present.
30185;what is the combined water and air temperature that the coast guard use for hypothermia;The combined water and air temperature is below 120 degrees Fahrenheit that the coast guard use for hypothermia.
31153;what is the life cycle of the alligator snapping turtle;No Answer Present.
31742;what is the origin of turtle;The oldest fossils of turtles were found in Germany and date back 215 million years, during the Triassic period.
32621;what is the turtle family called;No Answer Present.
32622;what is the turtle technique;The turtle technique is a method for calming down when you feel angry, frustrated or upset.
33621;what kind of turtle is gamera;Gamera is a giant flying turtle.
35210;define deep ocean trenches;No Answer Present.
38538;where do sea turtles get their food;Turtles get their food by swimming around the ocean and then cutting into their food.
49245;model organism that is in the same family as a sea turtle;No Answer Present.
50215;what bread is my turtle;No Answer Present.
51283;what are the economic impacts of tidal energy;No Answer Present.
52282;the ocean produces how much oxygen;No Answer Present.
53158;turtle food;The food of turtle is a lot of plants that grow in the water, small insects, snails, worms, and even dead marine animals and fish.
56395;what is an oil rig;A large structure with facilities to drill wells, to extract and process oil and natural gas or to temporarily store product.
56418;what effects sea levels;Storm surge on a Louisiana highway.
56847;what causes tides on the earth;It is caused by the moon pulling the Earth away from the water on that side.
57508;what color is seaweed;Bright, light green, dark brown.
58018;what are the turtles ca;Turtles are a welcome and familiar site in the Kawarthas.
60556;what do painted turtles eat;They eat a mixture of animal and plant material, Younger turtles eat more animal protein.
61099;can you calculate surface pressure from sea level pressure;Yes,you can calculate surface pressure from sea level pressure.
61979;what happens to the deep ocean trench;At a deep oceanic trench the marine tectonic plate is carried beneath another tectonic plate and it sinks hundreds of miles into the Earth's Mantle.
63201;what does pollution and oil spill insurance cover;Yacht insurance policies include coverage for marine pollution liability, usually up to the policy’s limit of liability. While this coverage will cover the costs of containment and clean-up, they often exclude civil penalties, criminal fines, defense costs and interest.
63923;can you mix different brands of 2 cycle marine oil;Yes
64321;what do western painted turtle eat;No Answer Present.
64594;turtle food as pet;Commercial food, different meats and live prey, aquatic plants, leafy greens and vegetables supplements for small pet turtle.
65613;largest semi submersible ship;Blue Marlin is the largest semi submersible ship.
66036;meaning of oceans;The word ocean refers to one of the Earth's four distinct, large areas of salt water, the Pacific, Atlantic, Indian, and Arctic Oceans.
66162;are there any endangered species in the coral reefs;No Answer Present.
66525;do magpies eat turtles;No Answer Present.
67505;what causes the tides?;It is caused by the attractive forces of the Moon and Sun’s gravitational fields as well as the centrifugal force due to the Earth’s spin.
68495;types of seaweed;Types of seaweed are brown algae, red algae, and green algae.
69402;how many more leatherback turtles are left;The critically endangered leatherback sea turtle runs between 26,000 and 43,000.
70481;tides are caused mainly by;The gravitational attraction of the moon and the earth.
71162;meaning of turtle totem;It is the oldest symbol for the Earth. It is the personification of goddess energy and the eternal Earth itself.
71725;turtles habitat facts;The grace and beauty of a sea turtle in its ocean habitat is a magical experience.Whether boating, snorkeling, or diving, remember that the ocean is home for turtles and other wildlife.
71831;tidal waves definition;A wave resulting from the periodic flow of the tides that is caused by the gravitational attraction of the moon and sun.
73356;definition of seawater;It is a simple solution of water and sodium chloride.
73392;what color is ocean water;Blue, green depending upon the type and density.
79280;what is coral colour;Is a shade of Orange that is 69% saturated and 100% bright.
82773;is Mata mata turtle hunted;No Answer Present.
86180;what is in seaweed;No Answer Present.
86504;what do painted turtles eat and drink;Painted turtles eat and drink carrion small fish, freshwater crustaceans, aquatic insects, plant leaves and algae.
88014;how much does the average turtle weigh;Green Sea Turtle weight of 440 pounds.Kemp's Ridley Sea Turtle weight up to 100 pounds.Leatherback Sea Turtle average 500 - 1500 pounds.
88240;what are sea turtles classified as;Sea turtles sometimes called marine turtles, are reptiles of the order Testudines. The seven extant species of sea turtles are the green, loggerhead, Kemp's ridley, olive ridley, hawksbill, flatback, and leatherback.
88427;what is coral;Coral refers to reef or hard corals, which are more formally called scleractinians.
89378;what are branching coral;A large polyp stony coral and often referred to as Euphyllia Hammer Coral or Anchor Coral.
91951;sea definition;The definition of sea is the salt waters that cover the greater part of the earth's surface.
94581;what is ebb tide;The outgoing water as the tide goes from high to low.
95658;typical analysis of seawater;No Answer Present.
95983;largest animal in the ocean;The Blue Whale is the largest animal in the Ocean.
97851;what is a sea compass called;Deviation
99469;how much does a baby snapping turtle weigh;No Answer Present.
101004;how big can miniature turtles get;The size of miniature turtles, 7 to 9 inches for males and 8 to 12 inches for females.
101220;seafloor spreading definition;iT is a process that occurs at mid-ocean ridges, where new oceanic crust is formed through volcanic activity and then gradually moves away from the ridge.
103233;what causes waves to occur in the ocean;The wind causes waves to occur in the ocean.
103329;what do turtles eat and drink;No Answer Present.
104351;how long does a box turtle live for;A box turtle live over 100 years.
106097;tidal day definition;Tides are commonly semi-diurnal (two high waters and two low waters each day), or diurnal (one tidal cycle per day).
107318;price of oil today current;The current crude oil price is $52 per barrel.
107357;what do loggerhead sea turtles eat;Invertebrates, shellfish ,horseshoe crabs, whelks, and clams.
107508;what is breakdown voltage of transformer oil;Between 30kv and 40kv.
109741;what area do sea turtles live;Sea turtles live in almost every ocean basin throughout the world.
110246;what controls the tide;The gravitational attraction of the sun and moon on the oceans of the earth.
110464;how much oil is used per day world;87.4 Million Barrels.
111196;how much does it cost to drill oil;$18 million to $20 million
111242;what does long neck turtles eat for kkkids;No Answer Present.
112791;what are ocean currents called;Ocean currents are called as thermohaline circulation.
115892;what is a name of a deep ocean trench?;The names of deep ocean trenches are the Peruvian Trench,The Aleutian Trench,the Marianas Trench.
116922;how much oil does the world have left;There are 1,238 billion barrels of oil left in the world.  
120848;largest sea mammal herbivore;No Answer Present.
121608;what can wild turtles eat;The wild turtles can eat earthworms.
124968;are leatherback sea turtles solitary;No Answer Present.
126029;what are the effects of coral bleaching;The effect of a coral bleaching is it kill 18% of the worlds coral reefs.
126515;meaning of tides;Tides are the rise and fall of sea levels caused by the combined effects of the gravitational forces exerted by the Moon and the Sun and the rotation of the Earth.
126540;what celestial bodies are important in determining tides;The Moon and Sun celestial bodies are important in determining tides.
126697;largest mammal in the ocean;Blue whale
127728;largest offshore oil rig;No Answer Present.
129289;how can u make turtle in doodle god;No Answer Present.
130597;what is a neap tide;A tide in which the difference between high and low tide is the least.
130647;how far away can you see when the sky meets the ocean;It depends on your height above the water. You could only see 20 miles if you were well above sea level. If you are standing more or less at sea level, with your eyes just a few feet above the water level, you could see only about 3 or 4 miles.
132163;what does a sea wall do;A sea wall protects areas of human habitation, conservation and leisure activities from the action of tides and waves.
133752;what causes the ocean tide to raise and lower;The gravitational attraction of the sun and moon cause waters of the ocean to raise and lower at different parts of the earth.
134112;how old do turtles live to be;Turtles do live to be more than 200 years.
138778;how h earth is covered by ocean?;The ocean covers 71 percent of the Earth's surface and contains 97 percent of the planet's water, yet more than 95 percent of the underwater world remains unexplored.
139318;how to trap painted turtles;No Answer Present.
141124;how to make a turtle from recycled glass;No Answer Present.
144875;what causes the tides to change;The attractive forces of the Moon and Sun’s gravitational fields as well as the centrifugal force due to the Earth’s spin causes the tides to change.  
150692;what does turtles eat;Snails slugs earthworms wild blackberries and strawberries insects like grasshoppers and crickets mushrooms and carrion
152393;what are animals that eat turtles;Crocodiles, alligators, caimans, big cats such as jaguars, sharks.
153056;what introduction to oceanography;Physical oceanography, or marine physics, studies the ocean's physical attributes including temperature-salinity structure, mixing, surface waves, internal waves, surface tides, internal tides, and currents.
154062;what do ocean density currents do;No Answer Present.
155593;polynesian tattoo meanings and symbols of turtle;The Polynesian tattoo symbols designed to express courage and fight,Turtle shell is a symbolization of turtle, which is a very important sea creature in all the cultures of Polynesian triangle.
156850;what is a oceanographer;Oceanographer is the branch of physical geography dealing with the ocean.
157635;largest oil reserves in world;US ,Saudi Arabia ,Russia ,Libya ,Africa ,Nigeria and Canada
159047;sea level definition;The level of the surface of the sea especially at its mean position midway between mean high and low water.
160071;what class is a turtle;Reptile class is a turtle.
160743;what do box turtles eat;Slugs, snails, crickets and other animal matter, melon, berries, and tomatoes and greens.
161774;what do turtles eat as pets;Fruits and vegetables, brine shrimp, feeder fish such as goldfish, snails and cooked table meat such as chicken and beef.
162867;how to feed a painted turtle;No Answer Present.
163843;what do snappy turtles eat;Fish, frogs, drowned animals, crayfish and aquatic plants.
165303;what causes turtles to shed their skin;Extremely high ammonia levels in the water can damage the outer layer of skin and cause shedding of turtles.
166976;what is an ocean or bay;A bay is a body of water connected to an ocean or lake.
167295;what do you feed a turtle?;Fruit, vegetables, meat, pellets and tadpoles or feeder fish for large turtles, Snapping turtles will eat watery habitat including fish, frogs, drowned animals, crayfish and aquatic plants.
168147;what are the differences in diatoms and seaweed;Diatoms are producers within the food chain.Seaweed is any plant or plants growing in the sea.
168188;what do oceanographer do;An oceanographer is a special kind of scientist who studies the ocean, this includes the study of weather, ocean currents, and sea life, and every other topic associated with the ocean.
170060;How turtles have adapted to their environments;Turtles have developed special adaptations to live in specific environments. Some turtles such as sliders, mud turtles, and soft shells have adapted to living over half their life in a freshwater environment such as ponds, lakes, or streams.They have claws and webbed toes on their feet. The claws help them climb onto muddy banks and tree branches floating in the water.
173861;what causes the ocean currents;That causes movement- a process known as convection.
174698;what do turtles eat ?;"Aquatic plants; invertebrates such as insects, snails and worms; dead marine animals,jellyfish, sponge and other soft-bodied organisms."
175552;what causes ocean surface currents;The prevailing winds cause ocean surface currents.
177266;what are ocean used for;No Answer Present.
177651;in what part of the world does the hawksbill turtle live;No Answer Present.
178116;what causes tides?;Gravity, Inertia, and the Two Bulges.
178328;what drives ocean circulation;Winds drive surface circulation, and the cooling and sinking of waters in the polar regions drive deep circulation.
178511;what is hawksbill turtles native country;No Answer Present.
179055;define what does seas mean;Seas are generally larger than lakes and contain salt water.
180948;what are coral reefs made of;Coral reefs are made of thin layers of calcium carbonate.
181293;largest oil company in the world;Saudi Arabia's state-owned
181683;what does a snapping turtle look like;Snapping turtles come in various sizes and prefer warm habitats.
181965;what is coral fungi?;They are saprobes with both terrestrial and lignicolous forms.
183769;what are coral reefs geography;No Answer Present.
184201;largest coral atoll;Aldabra is the largest coral atoll.
187019;is eating turtles ok;No Answer Present.
188915;what does deep-ocean trench mean;A steep depressions in the deepest parts of the ocean.
196291;weight of water vs oil;No Answer Present.
196994;how long do painted turtles live?;Painted turtles live for 15 to 25 years.
202197;what factors control ocean currents;The rise and fall of the tides
203601;what causes the ocean floor to spread?;No Answer Present.
205132;how waves affect shorelines;Waves affect shorelines, when a wave reaches a beach or coastline, it releases a burst of energy that generates a current, which runs parallel to the shoreline.
207165;what are other names for a desert box turtle;The Ornate box turtle.
208216;how are ocean currents caused;It result from two processes - the action of wind on the surface of the water, and from variation in water temperature that causes movement- a process known as convection.
210401;How does the ocean help to maintain moderate temperatures across the globe?;Because hydrogen bonds form between the molecules of water in the ocean, the ocean's temperature is harder to warm up and cool down then the land, which easily absorbs the sun's rays and quickly gives up heat.
210502;petroleum is a mixture consisting mostly of _____.;Petroleum is a mixture consisting mostly of hydrocarbons.
213365;percentage earth's surface is covered by oceans;71 percentage of earth's surface is covered by oceans.
217276;what do pet turtles drink;No Answer Present.
219470;what is a sea chest?;A sea chest is a kind of wooden case typically used by sailors aboard the ship to store their belongings.
221179;oceans currents definitions;The steady flow of surface ocean water in a prevailing direction.
222695;what fish do turtles eat;No Answer Present.
223085;what is a seaweeds habitat;The habitat of the seaweeds is in the ocean as well as in rivers, lakes, and other water bodies.
225370;stages of a sea turtle's life;The sea turtle life cycle starts when a female lays its eggs on a nesting beach, usually in the tropics. From six weeks to two months later (depending on the species), a tiny hatching makes its way to the surface of the sand and heads to the water, dodging every predator imaginable.t is not known exactly how long sea turtles live in the wild, but scientists think their life span may be as long as a century. Unfortunately though, turtles face a multitude of threats related to human activities.
225951;what are the pros and cons of having tidal energy;"Pro : It is the renewable green energy source produced by capturing the power of the tides caused by the gravitational forces of the moon and the sun.
Cons : It is not able to compete with fossil fuels."
227260;what do box turtles like to eat;Box turtles like to eat fruits, fungi, veggies, greens, mollusks, worms and insects.
227822;how often do tides change?;Also understand tides change twice a day.
229665;what factors cause ocean water to be layered?;Evaporation, precipitation and freezing.
233049;what do you feed a baby turtle;Collard greens, berries, cantaloupe, squash and romaine lettuce.
233608;how does the salinity of the ocean decrease;Salinity (in concert with temperature) affects the density of seawater, it can play a role in its vertical stratification. Essentially, lower salinity water (= lower density).
234342;marine water definition;Marine water is a term that is usually used to describe water that deals with the oceans or the sea. This
234393;temperature in oceanside;18 to 22°C (64 to 72°F) on around the 5th of September and 3rd of February, in the range 13 to 17°C (55 to 63°F) in Oceanside Harbor sea.
235165;what doe petroleum means;It is a flammable liquid ranging in color from clear to very dark brown and black, consisting mainly of hydrocarbons, occurring naturally in deposits under earth surface.
235347;the difference between turtles and tortoises;Turtle is the name given to water-dwellers and tortoise is the name given to land-dwellers.
237674;what is coral sea;The Coral Sea is a marginal sea of the South Pacific off the northeast coast of Australia, and classified as an interim Australian bioregion.
238524;what is an ocean trench;Ocean trenches are natural tectonic plate boundaries between two crustal plates.
238756;most breathtaking oceans;No Answer Present.
239307;what do turtles all turtles eat;Jellyfish, seaweed, crabs, shrimp, sponges, snails, algae and mollusks, decapods, seagrasses, seaweed, sponges, mollusks, cnidarians, echinoderms, worms and fish.
246434;how long do painted turtles live;A Painted turtles can live 15 to 20 years.
246464;what are land turtles;No Answer Present.
251103;3 main ways oil spills are cleaned up;1 If the oil is thick and concentrated, it can be burned off.: 2 Large plastic floats called booms are put in the sea surrounding the spill. : 3 Chemicals that break up the oil are sprayed over the spill.uch of the oil has come from a ship that was carrying a cargo of oil.
251345;what causes ocean water to circulate;The water in the Global Ocean Conveyor circulates because of differences in water density, which are caused by differences in temperature and salinity.
256319;is turtleneck dove a native;No Answer Present.
256470;is seaweed fungi;Yes.
256835;temperature in the ocean ecosystem;No Answer Present.
258616;how people help leatherback sea turtles;No Answer Present.
259085;what are the environmental impacts of petroleum processing;No Answer Present.
259865;what gives ocean waves energy;It is captured directly from surface waves or from pressure fluctuations below the surface.
260740;western pond turtle diet;The western pond turtle diet contains animal diet that includes insects, crayfish and other aquatic invertebrates. Fish, tadpoles, and frogs are eaten occasionally, and carrion is eaten when available. Plant foods include filamentous algae, lily pads, tule and cattail roots.
262959;what is coral?;Coral is the hard, variously colored, calcareous skeleton secreted by certain marine polyps.
264063;what is an oil spill;No Answer Present.
265074;what is coral reef biology;No Answer Present.
265123;petroleum what is it;Petroleum along with oil and coal is classified as a fossil fuel fossil fuels are formed when sea plants and animals die and the remains become buried under several thousand feet of silt sand or mud.
268574;how much time should elapse in two high tides;Two high tides should elapse in 12 hours and 25 minutes apart.
269286;ocean acidification definition;Ocean Acidification is a term used to describe significant changes to the chemistry of the ocean.
269774;what education do you need to be a petroleum engineer;No Answer Present.
270783;average time for ocean rescue;No Answer Present.
270975;how temperature affects sea level;Most of this rise can be attributed to the increase in temperature of the sea and the resulting slight thermal expansion of the upper 500 meters (1,640 feet) of sea water.
273608;largest oil disasters;The Deepwater Horizon oil rig disaster occurred in April 2010 in BP's Macondo oil and gas prospect in the Gulf of Mexico.
273724;what are the different ways that oceans can be studied;The study of oceanography is divided into these four branches: 1 Biological oceanography, or marine biology, investigates the ecology of marine organisms.
276602;the difference of seas and oceans;An Ocean is a large body of water that is all around the planet Earth. Whereas, a Sea is a partly souronded by land,it has salty water.
277350;what are ocean surface currents;It is a continuous, directed movement of seawater generated by forces acting upon this mean flow, such as breaking waves, wind, the Coriolis effect, cabbeling, temperature and salinity differences.
281327;how to install turtle vents;No Answer Present.
281377;what have turtles evolved from;No Answer Present.
281984;what are the world's oceans;The World Ocean or global ocean is the interconnected system of Earth's oceanic waters, and comprises the bulk of the hydrosphere, covering 361,132,000 square kilometres of Earth's surface, with a total volume of 1,332,000,000 cubic kilometres.
284772;different types of ocean habitats;No Answer Present.
289324;how do oil spills affect the economy;No Answer Present.
290995;what do painted turtles eat in captivity;Painted turtles eat a mixture of animal and plant material. 
295584;how much does a maintenance supervisor make in oil refinery;$27.28 per hour
295760;names of the ocean zones;The surface zone, the pycnocline, and the deep zone
296401;what causes the ocean tides;This inertia, or centrifugal force, causes the oceans to bulge on the opposite side facing the moon.
297453;what do painted box turtles eat;Algae, plants, aquatic insects, crustaceans and fish.
298200;what are turtles;Turtles are an ancient group of reptiles that includes hidden necked turtles and side-necked turtles.
301055;diseases turtles can pass to humans;Salmonellosis
301516;is oil renewable resource;No, oil is not a renewable resource.
302776;oil price per barrel history;From 1958 to 1970, prices were stable near $3.00 per barrel.From 1974 to 1978, the world crude oil price was relatively flat ranging from $12.52 per barrel to $14.57 per barrel.
306372;what are the major cons of tidal power;No Answer Present.
311772;how are tides formed;Tides are formed by a combination of gravitational attraction from the moon and the sun, as well as the centrifugal force generated by the rotation of the Earth. The position of both celestial bodies affects the surface height of the tides as water is gravitationally pulled upwards relative to their positions.
311944;how long do turtles live?;Tortoises from the Galapagus Islands-more than 200 years,American box turtle-over 100 years old,sea turtles probably live 75 years or more,The common pet, the red-eared slider, can live 40 years or more.
312312;what are baby painted turtles called;No Answer Present.
313672;largest offshore platform;No Answer Present.
316767;definition coral bleaching;A process whereby the coral colonies lose their colour.
317145;define seaweed;It is a loose colloquial term encompassing macroscopic, multicellular, benthic marine algae.
318015;what does box turtles eat;Box turtles eat Earthworms, snails, fruits like strawberries, grapes, salad leaves, plants, cantaloupes, and vegetables like broccoli, green beans, carrots, bell peppers.
318201;symbolism of turtle;The tortoise is an auspicious animal. It is a symbol of good luck. The tortoise symbolizes a long life, wisdom and peace. It is also linked to the lunar and Mother Earth symbolism.
318874;tidal force definition;A secondary effect of gravitational force and its most common manifestation.
318920;species of turtle sunderbans captive breeding;No Answer Present.
327841;what are the advantages using tidal power;Tidal power is growing rapidly in interest as countries look for ways to generate electricity without relying on fossil fuels. Tidal schemes have a number of advantages, including their lack of greenhouse gas emissions and 100% renewable nature.
329151;turtle soup what are turtle members;No Answer Present.
330505;what is earth's biggest ocean;Pacific Ocean
331532;what effect does temperature have on density of ocean water?;Ocean water gets more dense as temperature goes down.
331926;what does prolonged exposure to ocean water do to your eyes;No Answer Present.
335071;spiritual meaning of a snapping turtle;No Answer Present.
336230;what are the processes that control sea surface temperature;No Answer Present.
338115;what are tidal waves;Tidal waves are a large and sudden rise and fall in the tide.
340934;what colour are turtles;Brownish-gray, caramel-colored, gray, tan or dark brown.
341515;what are corals made of;Thin layers of calcium carbonate.
341932;what are marine corals;No Answer Present.
343268;Standard sea level pressure in millibars is;Standard sea level pressure in millibars is 1013. 
343715;what are corals;corals are invertebrate animals belonging to a large group of colourful and fascinating animals called cnidaria other animals in this group that you may have seen in rock pools or on the beach include jelly fish and sea anemoneshere are around 800 known species of hard coral also known as the reef building corals soft corals.
344537;what do spiny softshell turtles eat;Fish, worms, crickets, pink mice, crayfish and shrimp.
345341;is petroleum oil;Yes
347174;how do currents affet sea turtles;Sea turtles use ocean currents to travel and find prey.
347627;how much food i should feed my turtle;No Answer Present.
349297;what is a turtles classification;No Answer Present.
356161;what is a coral polyp;Coral polyp is a living animal, basically a sack with a stomach and a mouth surrounded by retractable, stinging tentacles.
357184;what are sea walls;A seawall is a form of coastal defence constructed where the sea, and associated coastal processes, impact directly upon the landforms of the coast.
357209;what causes tidal ranges;Caused by the combined effects of the gravitational forces exerted by the Moon and the Sun and the rotation of the Earth.
357631;what create incoming tides;Incoming tides can also even create surfables waves in river systems and bays, called tidal bores.
358177;crude oil realized price;$40.09 per barrel.
359507;how many hawksbill turtle are there;No Answer Present.
359980;average size of an eastern box turtle;The eastern box turtle is small 4.5 to 6 inches shell width, up to eight inch shell length.
363497;what is aboriginal art turtle meaning;No Answer Present.
364005;how many hawksbill turtles are there in the world;No Answer Present.
364286;what can turtles eat;Turtles can eat plants that grow in the water, small insects, snails, worms, dead marine animals and fish.
365939;what is egg binding turtles;A very common situation in reptiles and avian patients, egg binding is a multifactorial disease that progress rapidly and might kill the bounded female.
368595;what are the effects of coastal erosion;The effects of coastal erosion is the wearing away of coastal land or beaches which is mainly caused by the impact of waves.
368706;what is a plastron on a turtle;The lower shell that encases the belly of turtle is called the plastron.
369363;how does the ocean get salty;Due to the rivers that flow into ocean.
369491;what do the eastern painted turtle;No Answer Present.
369932;what does tidal power do;Tidal power exploits energy drawn from the movement of ocean tides to produce electricity.
374822;biggest sea creature ever lived;The blue whale
375229;what is the process that continually adds new material to the ocean floor;Sea Floor Spreading is the process that continually adds new material to the ocean floor. 
379123;define sea anemone;No Answer Present.
382929;what is oil viscosity;No Answer Present.
382935;what predators eat turtles;Fishes, dogs, seabirds, raccoons, ghost crabs, and other predators prey on eggs and hatchlings.
387579;how much food to feed a african turtle;Feeding your turtle as much as he will eat in a 15-30 minute period daily is all he needs in a day.
389713;what is the average ocean temperature;17 degrees Celsius (62.6 degrees Fahrenheit). 
394065;what percent of the planet of seawater;The oceans seawater that cover roughly 70% of the area of the Earth.
396317;what seaweed;It is a microorganism that grows in oceans, lakes, rivers and other bodies of water and is comprised of algae.
399623;how long to box turtles live?;No Answer Present.
401005;what types of plate boundaries cause deep sea trenches;Convergent,divergent,or transform.
401389;how do i know if my painted turtle is sick;No Answer Present.
401512;how soft should my hatchling turtle shell be;No Answer Present.
404797;what is the definition for oil;The definition for oil is a naturally occurring, yellow-to-black liquid found in geological formations beneath the Earth 's surface, which is commonly refined into various types of fuels.
405901;do hawks eat turtle;No Answer Present.
406595;what is plankton? oceanography;No Answer Present.
407370;what is the largest ocean zone;The largest ocean zone is the pelagic region is divided into three zones. The top zone is the euphotic or sunlit zone. This is the ocean zone that sunlight penetrates. Because this zone gets sunlight, photosynthesis can occur and plants can grow here.
409185;why is the seafloor spreading;Seafloor spreading is the continuous process of forming new igneous rock at midocean ridges by injection of magma that forms new seafloor.
409294;when do neap tides occur;It occur when the sun and moon are at right angles to each other.
409753;what is the scientific name for a clam;Mercenaria mercenaria
413696;what is the us government doing to protect coral reefs;To ultimately protect coral reefs, legal mechanisms may be necessary. One legal mechanism involves the establishment of marine protected areas (MPAs).
415095;what was the turtle man's  catch phrase;No Answer Present.
421530;what type of turtle is a painted turtle;Diurnal turtle is a painted turtle.
424075;what is the function of the turtle beak;No Answer Present.
425119;what size are turtles;4-8 feet in length (1.2 - 2.4 meters).
427934;when was yertle the turtle and other stories the publish;Yertle the turtle and other stories was published on April 12, 1958.
430684;how long is it when box turtles become adults;No Answer Present.
430960;what is the ocean's role in the water cycle;The ocean plays an important role in shaping our climate and weather patterns. Warm ocean waters provide the energy to fuel storm systems that provide fresh water vital to all living things.
431108;what is the baby of a turtle?;Hatchling is the baby of a turtle.
433642;what species do western pond turtle affect;The western pond turtle, one of two nonmarine turtle species native to Oregon, will undergo a one-year review by U.S. Fish and Wildlife Service to determine whether the species should be given protection under the Endangered Species Act.
434787;why are coral reefs fragile;Partly because they are very sensitive to water temperature.
435375;how many tides per day?;No Answer Present.
439691;what is tidal flow;Tidal flow is the water current caused by the tides.
441756;what the turtle means to native americans;It is a symbol for strength, fertility and perseverance. It was considered a power fetish animal.
443807;what is the purpose of a turtle cell in a rib;No Answer Present.
444685;where do hawksbill sea turtles live;They live in the tropical areas of both the Atlantic and Pacific oceans.
451826;where would oceanographers work;Oceanographers work on the ocean or in areas that contact the ocean.
455671;what is refined petroleum;It is an industrial process plant where crude oil is processed and refined into more useful products such as petroleum naphtha, gasoline, diesel fuel, asphalt base, heating oil, kerosene and liquefied petroleum gas.
457724;what kind d sea turtle is ray off of turtle tales;No Answer Present.
459098;what noise does a turtle make;A turtle makes noises that are range from hisses and almost moaning, to a pig-like grunting, and even an almost chicken like 'cluck'.
459968;how long is a sea turtles life span; A sea turtles life span is 50 years or more.
464425;what is the study of earth's oceans;Oceanography
464768;how long will a painted turtle live;No Answer Present.
466208;what is the chemical formula for petroleum;No Answer Present.
466472;what would you feed a wild turtle;A wild turtles can be fed plants, fruits, insects or fish, snails, worms, dead marine animals, grubs, beetles, caterpillars, carrion, grasses, berries, mushrooms and flowers.
467341;what to feed painted turtles;One can feed algae, plants, aquatic insects, crustaceans and fish to painted turtles.
467761;what is the purpose of the painted turtle in nature;No Answer Present.
468196;why sea water salty;The sea water salty Because it Contains large amounts of the salt Sodium Chloride.
470305;why are turtles considered lucky;They have been said to symbolize longevity and one’s hope and wish for a long life.
474413;where are most coral reefs located?;Most coral reefs are located in all three of the Earth's oceans that have portions in the tropics - the Atlantic, Pacific and Indian.
477161;how do you keep a turtle small;No Answer Present.
478876;what is the temperature like in the ocean;2 °C or 28 °F
479090;about what is the average concentration of salts in earth's oceans?;The average concentration of salts in earth's oceans is 3.5 percentage.
481331;where does seaweed grow;Seaweed grows in the ocean as well as in rivers, lakes, and other water bodies.
481704;where is tidal energy commonly harvested;No Answer Present.
483393;when do mn turtles hatch;No Answer Present.
483965;what percent of all water on earth is in the ocean;70 percent of all water on Earth is in the Ocean.
484699;how to identify rip tide;By discoloured water, choppy waves and a foamy surface.
485034;diseases that can affect a coral reef;No Answer Present.
485367;which is the largest the sea or ocean;The Pacific Ocean is the largest the sea or ocean.
486195;when did the turtles make happy together;In spring of 1967.
487152;what is the composition of seawater;Salts predominantly sodium.
487549;what's the average size of a leatherback turtle;The leatherback turtle ranges in size from 4 to 8 feet in length.
487643;what is the largest ocean in the world;The Pacific Ocean is the largest ocean in the world.
490835;what is the definition for ashore;Toward or onto ​land from an ​area of ​water, or on ​land after coming from an ​area of ​water.
496533;how many types of turtles are there;270
498481;where does a snapping turtle live;A snapping turtle lives in North America.
503037;what kind of bones do turtles have;No Answer Present.
506207;what makes tides occur;It occurs just after the first and third quarters of the moon, when there is least difference between high tide and low tide.
509119;what is the daily rise and fall of sea level;It is called the tide. The tides are caused by the moon's gravitational pull on earth. So, when the moon is facing a certain side of the earth, it literally pulls the water towards it.
509182;where are the biggest waves in the world;The biggest waves in the world are located into the beaches of Praia do Norte in Nazare.
511839;what is used as evidence for sea-floor spreading;No Answer Present.
512122;what is turtle's first word?;Turtle's first word is bean.
512254;where is petroleum found;Petroleum is found in Saudi Arabia, Venezuela, Canada, Iran and Iraq.
513688;what type of habitat is the ocean;Marine habitats
517407;cost of turtle trip zante;€25 Adults, €13 children aged 4 to 12.
520829;what kind of education does one need for to be a petroleum engineer;A bachelor's degree in petroleum engineering.
521600;which type of tides have the largest range;Spring tide
523355;why are oil and natural gas usually found together;Oil and natural gas are produced by the same geological process according fossil fuel suggestion: anaerobic decay of organic matter deep under the Earth's surface. As a consequence, oil and natural gas are often found together.
526523;what is the biggest source of pollution in the ocean;One of the biggest sources of pollution in the Ocean is called nonpoint source pollution, which occurs as a result of runoff. Nonpoint source pollution includes many small sources, like septic tanks, cars, trucks, and boats, plus larger sources, such as farms, livestock ranches, and timber harvest areas.
526793;what is tidal waters;Those waters that rise and fall in a predictable and measurable rhythm or cycle due to the gravitational pulls of the moon and sun.
526810;what is the price of a barrel of oil;The price of a barrel of oil is $30.28.
527462;how is oil thickness determined;No Answer Present.
527818;can you keep a box turtle as a pet;Yes, American box turtles can be beautiful and personable pets.
530030;what is the most common type of debris that litters our oceans;Plastic and synthetic materials are the most common type of debris that litters our oceans. 
531621;who's causing the acidification of the oceans?;It is caused primarily by uptake of carbon dioxide from the atmosphere.
534302;what should the water temp be for a turtle;The required water temperature for the turtle is 78 Degree Fahrenheit or 25.5 Degree Celsius.
534307;where do leatherback sea turtles live;Maryland, Bangladesh, Europe, Japan, southeast Asia and Guyana North american.
534731;how much does a fl box turtle weigh;No Answer Present.
540790;what solution the issue causing the ocean acidification?;It is caused by the uptake of anthropogenic carbon dioxide (CO2) from the atmosphere.
542288;how big are snapping turtles when they hatch;A quarter
543774;where to find sea turtles;It is located along the sandy beaches and shallow coastal waters of Australia.
544868;how often do tides change in a day?;No Answer Present.
545323;how long do turtles live;80-100 years or more
548767;how does an ocean form;The oceans on Earth formed from water vapor that was accumulated in the atmosphere.
553283;what is ocean thermal energy conversion?;No Answer Present.
553535;how do minerals make their way to the ocean;No Answer Present.
554455;what is the average salinity of the world ocean;The average salinity of the world ocean is 3.5% or 35 parts per thousand.
556857;where do neap tides occur;When the sun and moon are at right angles to each other, the solar tide partially cancels out the lunar tide and produces moderate tides known as neap tides.
557705;what is the largest sea;The South China Sea
558230;where are coral reef located;Coral reefs are located along the eastern shores of the land.
559975;when is sea turtle nesting season in georgia?;In Georgia, sea turtle nesting season is in mid-July.
562060;what is synthetic oil;A lubricant consisting of chemical compounds that are artificially made synthesized synthetic lubricants.
562522;what was oil first used for and what did they use for an alternate source;oil was first used for a drill. use for an alternate source is Fuels.
562688;why is it called brent oil;Brent crude is a light sweet crude from the North Sea that is an established “brand” and trading blend of many North Sea oils.
562806;what is oceanus procellarum area;Oceanus Procellarum is a vast lunar mare on the western edge of the near side of the Moon, it is the largest of the maria, stretching more than 2,500 km across its north-south axis and covering roughly 4,000,000 square kilometres.
564322;does turtles carry diseases;Yes
564467;what is viscous oil?;No Answer Present.
565329;what is the ionian sea;An arm of the Mediterranean Sea between western Greece and southern Italy.
566615;what is paraffin oil;A colourless, flammable, oily liquid similarly obtained and used as fuel, especially kerosene.
566624;what is the phylum for corals;Cnidaria
567872;what is the price of oil;The price of oil is around $110 a barrel.
568510;what motion of the seafloor is responsible;Mid-Atlantic Ridge
569027;why quench metal in oil;No Answer Present.
570343;how do we utilize oil;It is used to  power our airplanes, cars, and trucks, to heat our houses, and to make things like medicine and plastics.
570415;why does saudi arabia prop up oil price;Because Saudi Arabia benefits in the long run with estimated currency reserves of about $700 billion, allowing it to bear current low oil prices for a few more years. And Low oil prices also give Saudi Arabia political power over other oil exporting countries that are its political rivals.
570670;how much does world oil refining pay;No Answer Present.
571247;which ocean is punta cana on;Punta Cana is on the Atlantic ocean.
571388;define waves of sea;No Answer Present.
573324;what is the total magnifying power if you have the oil immersion objective lens in place;No Answer Present.
574486;where is the largest offshore reserve;The largest offshore reserve is located in Saudi Arabia. 
574846;who created the ocean model for leadership?;No Answer Present.
575256;what is the spotted turtle's role in the ecosystem;Moves carbon to deeper ocean areas through the carbon cycle.
575388;how ocean waves work;Waves start out in the deep, open ocean as relatively vertical in shape, Presnell said. As a wave travels toward the shore, though, the bottom part of the wave drags along the ocean floor. The upper part of the wave above the water line starts to move faster than the rest of the wave. As the ocean depth decreases closer to shore, the drag on the wave's bottom becomes stronger, and the upper part of the wave begins to tilt forward.
576391;where is the navigator of the seas;No Answer Present.
577739;what is oud oil;Oud oil is distilled from agarwood, and fetches high prices depending on the oil's purity.
578119;where is sargasso sea?;The Sargasso Sea is located entirely within the Atlantic Ocean.
578397;where is whip coral harvested;Typical harvesting areas for whip coral include the Americas, Europe and Asia, including China, Japan, Korea and Philippines.
578694;where do turtledoves come from;No Answer Present.
580159;world's largest oil and gas companies;PetroChina is the world's largest oil and gas company.
580650;words that describe ocean waves;No Answer Present.
581148;what is the fastest sea animal in the world;The Atlantic Sailfish or Istiophorus albicans is the fastest sea animal in the world.
581812;can the ocean  be described as cerulean;No Answer Present.
583052;what is synthetic oil for;As a substitute for lubricant refined from petroleum when operating in extremes of temperature.
586430;what is the temperature of the ocean;Surface water temperatures high as 80° Fahrenheit.
587984;what turtles eat;An aquatic turtle will eat insects,Wild turtles typically eat a lot of plants that grow in the water, small insects, snails, worms, and even dead marine animals and fish.
588198;what is the difference between an ocean and a sea?;A sea is a large body of saline water that may or may not be connected to an ocean, though commonly these are and Oceans are large bodies of water that exist on the Earth.
589376;why do companies dump waste in the ocean;No Answer Present.
590233;distance to the horizon at sea;No Answer Present.
591527;what were some of the consequences for the us of the 1973 oil embargo;The embargo led to a 30% decrease in the production of oil in Saudi Arabia and Kuwait. Both countries treated their exports to the US and Holland as extra cuts above the original cuts.
592329;what is the largest sea in the world;Philippine sea
592660;where is the amundsen sea;The Amundsen Sea is in the Southern Ocean off Marie Byrd Land in western Antarctica.
593259;what percentage of earth's water is located in oceans?; 97.5 percentage of earth's water is located in Oceans.
594124;what kind of skin does a turtle have;Some Turtles have leathery shells, a type of thick skin and some Turtles have hard scutes.
596719;what ocean is hong island in;No Answer Present.
596720;what natural materials form oil;Crude oil originates from ancient fossilized organic materials, such as zooplankton and algae.
596879;why is ocean salty;Ocean is salty because water flows in rivers, it picks up small amounts of mineral salts from the rocks and soil of the river beds.
597439;where do mid-ocean ridges and ocean trenches form;No Answer Present.
597915;what kind of legs do sea turtles have;It has four chunky legs.
598814;what temperature must it be for box turtles to be hungry;No Answer Present.
599135;what is seas;A sea is a large body of salt water that is surrounded in whole or in part by land.
600975;what sedimentary rock is formed by evaporation of seawater?;No Answer Present.
601689;where is petroleum found on earth;Petroleum is found from beneath the surface of the earth.
601727;average depth for oil drilling;Average depth for oil drilling is 11,800 feet.
601792;where in the world does the most amount of heat enter the oceans? what is the source of the heat?;No Answer Present.
602571;what natural cause caused the sea level to rise;Global warming
602726;what is periscope ocean;A periscope is 5 feet above the surface of the ocean.
603557;what is the largest oceanic plateaus in the world;Tibetan Plateau
603811;where can crude oil be found;Earth's crust
605161;what makes a sea a sea;A sea is part of the ocean partially enclosed by land. Seas are found on the margins of the ocean and are partially enclosed by land.
606643;where are spotted turtles from;Spotted turtles are from Northern Florida, Georgia, South Carolina, North Carolina, Virginia, Maryland, Delaware, New Jersey, New York, Massachusetts, Connecticut, Rhode Island, southern New Hampshire, southern Vermont and Southern Maine.
606720;who is turtle boy;Turtle boy is Didier.
606912;who makes tanks for the oil fields;Stewart Tank Company & Oilfield Supply Inc
607167;definition of ebb tide;Ebb tide means the flowing back of the tide to a lower level as the water returns to the sea.
607687;who signs a memo of oil and gas lease;No Answer Present.
609048;what kind of medicine is made from seahorses;Traditional Medicines are made from seahorses.
610027;when does a neap tide occur;When the Moon's and Sun's gravitational forces form a 90-degree angle with respect to the Earth. Neap tides happen during the first and third quarter moons.
611081;what is the biggest creature in the ocean?;The biggest creature in the ocean is Blue Whale.  
613604;what is the difference between an ocean and sea;An ocean is: a large body of water constituting a principal part of the hydrosphere. And oceans are the largest division of open water. A sea is: a division of an ocean or a large body of salt water partially enclosed by land.
614374;how did standard oil violate antitrust law;No Answer Present.
615828;what type of air pollution is created by the Canadian oil sands;No Answer Present.
617325;cost of moving an oil rig;No Answer Present.
620939;why is some ocean water turquoise;Because of the absence of phytoplankton and particles in the water.
621185;what is the symbol of turtles;Symbol of perseverance and resilience.
624588;what is the ocean conveyor belt;It is a constantly moving system of deep-ocean circulation driven by temperature and salinity.
624759;what is the common brain coral's habitat;Brain coral is in the Dry Tortugas, Florida.
625275;where are ocean trenches located;Ocean trenches are located in the Mariana Islands.
625821;why does tidal volume increase with obstruction;No Answer Present.
625856;are all marine batteries deep cycle;Yes, all are deep-cycle batteries that can meet all your marine power needs.
627161;why is oil abundant in southwest asia?;No Answer Present.
628643;what is the group of family of sea turtles called;leatherback sea turtle, green sea turtle, loggerhead sea turtle, Kemp's ridley sea turtle, hawksbill sea turtle, flatback sea turtle and olive ridley sea turtle.
632173;why was ocean cleanup founded;The Ocean Cleanup was founded to rid the world’s oceans of plastic.
632528;what pet turtles eat;Mealworms, crickets or small goldfish, turtle pellets, leafy greens, fruits and vegetables.
633368;what is the biggest sea animal;Blue whale
633373;how do oil spills affect penguins;Their feathers will lose its way to insulate the body, resulting in hypothermia. The birds may even swallow the oil when trying to clean their feathers that could lead to poisoning.
633609;where do soft corals grow;Soft corals grow in parts of the reef with the greatest current.
633982;where are corals found;Corals are found in the Indo-Pacific includes most of the Indian Ocean,the western Pacific, The Wider Caribbean or tropical western Atlantic includes Florida, The Bahamas, Caribbean Sea proper, and coastal waters off northeastern S. America.
634247;what percentage of oil does us import;9 million barrels per day
634404;WHY DO ACAN CORALS CLOSE;No Answer Present.
634728;what is the average air pressure at sea level in megapascals;No Answer Present.
636690;what's the tide;Tides are the rise and fall of sea levels caused by the combined effects of the gravitational forces.
638508;what is the scientific name of a sea turtle;The scientific name of a sea turtle is Cheloniidae.
638914;where is the khain sea;No Answer Present.
640352;where are deep sea trenches sites;Deep-sea trench, also called oceanic trench , any long, narrow, steep-sided depression in the ocean bottom in which occur the maximum oceanic depths, approximately 7,300 to more than 11,000 metres (24,000 to 36,000 feet). They typically form in locations where one tectonic plate subducts under another.
641667;causes of ocean tides;Ocean tides happen when the moon pulls the ocean on the near side of the earth more than it pulls on the center of the earth. 
642981;who said who rules the seas rules the world;No Answer Present.
643102;when do sea turtles nest and hatch in south beach;During the summer months.
643494;what zoning is turtle ridge irvine;No Answer Present.
646692;why does a sea breeze form?;"A sea breeze or onshore breeze is any wind that blows from a large body of water toward or onto a landmass; it develops due to differences in air pressure created by the differing heat capacities of water and dry land."
646724;which boundaries can seafloor created;Seafloor creates divergent boundaries.
649709;what's the definition of deep sea;No Answer Present.
651114;how is sea level rise measured;The standard method of measuring is by means of instruments called tide gauges. Gauges exist in many ports and harbours around the world, and record the height of the rising and falling tide relative to a reference level, called a benchmark, on the land nearby. A time-averaged value of sea level so recorded is often used to define a national geodetic datum.
652918;what is the average lifespan of a mi snapping turtle;No Answer Present.
654984;what is the scientific classification of a freshwater snapping turtle;No Answer Present.
655032;what kingdom is the eastern box turtle in;No Answer Present.
655795;what two processes can be found at an ocean trench;No Answer Present.
660190;what is ocean topography;Ocean topography is the distance between the height of the ocean surface from the geoid.
660218;what's the definition of turtle;The turtle is often associated with myths of creation, in which it is seen as a support for the world.
661445;definition of surface ocean currents;A warm ocean current that flows along the equator from the date line and south off the coast of Ecuador at Christmas time.
662071;what is the falkland ocean current;The Falkland Islands are positioned in both the southern and western hemispheres. They're located in the South Atlantic Ocean.
662720;what is the turtle a symbol of in india;No Answer Present.
662980;why is different phytoplankton from seaweed;No Answer Present.
663074;what ocean is the biggest;The biggest ocean is the Pacific Ocean.
663257;what is the speed of sound in air at sea level?;The speed of sound in air at sea level is 761 miles per hour.
663527;what is the a family of sea turtles called;Cheloniidae
664182;can you have a pet turtle in tennessee;No
665192;when are neap tides formed;When the earth, sun and moon form a right angle.
667974;what is seafloor spreading;Seafloor spreading is a process that occurs at mid-ocean ridges, where new oceanic crust is formed through volcanic activity and then gradually moves away from the ridge.
668260;what is unique about seaweed;1 Nori seaweed has the highest amount of protein compared to the other types. 2 Wakame has the highest amount of calcium. 3 Sea Lettuce is very high in iron. 4 Hijiki is high in calcium and fiber.
670765;are pond turtles omnivores herbivores or carnivores;No Answer Present.
674369;how old can a sea turtles live;They can live 60 or more years depending on species.
678163;definition of deep ocean trench;Deep oceanic trench is any long, narrow, steep sided depression in the ocean bottom in which occur the maximum oceanic depths.
678733;how long do turtles mate;For sea turtles until they are at least 12 years of age, except the Hawksbill turtle. Their sexual maturity may range from as early as three years.
685851;how long can turtles live;Turtles can live for 80 to 100 years or even more.
687043;different types of ocean seaweed;The simplest of the seaweeds are among the cyanobacteria, formerly called the blue-green algae, and green algae (division Chlorophyta), found nearest the shore in shallow waters and usually growing as threadlike filaments, irregular sheets, or branching fronds.
688829;difference between sea and swell;Sea is a description of the wind waves raised by the wind in the immediate neighborhood of the place of observation at the time of observation and swell is a description of the ocean waves that are not raised by the local wind.
689101;how does wave and tidal energy work;Wave energy can power the turbine if waves rise to a chamber and force the air out from there.In this ways moving air can spin the turbine and energy of tides that come into the shore, these tides can be trapped in a dam and electricity can be generated by operating dam as regular hydroelectric power plant. 
696770;graph of sea level rise;No Answer Present.
698518;can coastal tides cause strong currents;No Answer Present.
702890;how long do freshwater turtles live;No Answer Present.
705074;amount of dissolved oxygen in different zones of the ocean;No Answer Present.
706654;different kinds of coral reefs;The different kinds of coral reefs are fringing, barrier, and atoll.
707268;how do ocean basins form;Ocean basins were formed from volcanic rock that was released from fissures located at the mid-oceanic ridges.
707646;difference between tides and waves;Tides are the rise and fall of sea level while waves are actually energy that moves across the surface of the water.
710331;what is a ebb tide;Ebb tide is a seaward flow in estuaries or tidal rivers during a tidal phase of lowering water level.
710396;what is a tidal day;A tidal day is of, relating to, caused by, or having tides, tidal cycles tidal erosion or periodically rising and falling or flowing and ebbing tidal waters.
711295;what is a sea;A sea is a large body of salt water that is surrounded in whole or in part by land.
716130;what is the largest coral reef in the world?;The Great Barrier Reef is the largest coral reef in the world.
717819;where is the tidal range the greatest;The greatest tidal range is in the Bay of Fundy.
719903;what is the world record for diving;Ahmed Gabr sets new world-record SCUBA dive at 1,090 ft.
719997;who made the theory of seafloor spreading;Harry Hess made the theory of seafloor spreading.
720087;what is seaweed made out of;Seaweed is made out of algae.
720915;what type of rock is found under the ocean;Basalt rock is found under the ocean.
722734;deep water waves definition;The water is deeper than 1/2 the wavelength of the waves.
724643;biggest tide change in the world;The highest tides in the world can be found in Canada at the Bay of Fundy, which separates New Brunswick from Nova Scotia.
724821;age of reproductive maturity of turtles;The age of reproductive maturity of turtles is 20 to 50 years.
726673;description of the coral reef biome;The coral reef biome is located within the ocean but is separate from the ocean biome. It is located in a shallow, clear portion of the ocean in mostly tropical areas. These areas include the coasts of East Africa, South India, Australia, Florida, the Caribbean, and Brazil.
733648;where do snapping turtles live;Snapping turtles live in North America.
733955;how do box turtles mate;No Answer Present.
734745;what is the force that pulls the tides;The moon Gravity is the force that pulls the tides.
734842;which process of the hydrological cycle is maintained by the ocean's large surface area?;Evaporation is the process of the hydrological cycle is maintained by the ocean's large surface area.
736107;what type of rock are mid-ocean ridges made of;The mid-ocean ridges are made of basalt.
737080;what is the spiritual meaning of seaweed;The spiritual meaning of a seaweed is to rely on your intuition and trust your instincts.
738108;Explain why oil is a nonrenewable resource.;Because once you have used it,it never comes back.
739548;difference between upstream and downstream oil and gas;Upstream operations deal primarily with the exploration stages of the oil and gas industry, with upstream firms taking the first steps to first locate, test and drill for oil and gas. Whereas, The downstream oil sector is a term commonly used to refer to the refining of crude oil, and the selling and distribution of natural gas and products derived from crude oil.
740177;describe the habitat of the sea turtle;The habitat of the sea turtle is the coastal regions of sandy beaches includes areas of North America, South America, Central America, India, South Africa, and Australia.
740372;what are coral reefs used for;They are often considered the medicine cabinets of the 21st century.
740819;what are the effects of tides on earth;The Moon affects tides on Earth through gravity. The Sun also affects Earth's tides, but not as much due to its greater distance from the Earth. It's not the simple force of attraction that makes the tides, but the difference in the attractive force on the opposite sides of the Earth.
740858;what causes worms in turtles;Unsanitary environmental conditions.
740907;What do turtles eat;snails slugs earthworms wild blackberries and strawberries insects like grasshoppers and crickets mushrooms and carrion.
741349;how do snapping turtles reproduce;They begin courtship by facing one another and moving their heads from side to side. Mating begins with the male mounting the female and adjusting his tail beneath the female's to allow the cloacal openings to touch.atchlings will emerge from their soft shells 55 to 125 days after the mama snapping turtle lays the eggs.
742019;what do common snapping turtles eat;Aquatic plants, fish, frogs and tadpoles, salamanders, insects, snails, leeches, worms, snakes, small mammals, and baby ducks and goslings.
743163;about what percent of earth's water can be found in the oceans;About 96.5 percent of all Earth's water can be found in the oceans.
744193;what is the loggerhead sea turtle hunted for;The loggerhead sea turtle hunted for eggs and for leather.
744839;what Phylum do coral belong to?;Class of anthozoa of phylum.
744969;what is the taxonomy of sea turtles;Amphibians
745073;where can the annular seabream be found;The annular seabream can be found in Mediterranean sea.
748271;distillation seawater process;Desalination or desalinization is a process that removes minerals from saline water. More generally, desalination may also refer to the removal of salts and minerals, as in soil desalination, which also happens to be a major issue for agricultural production.
748407;normal sea level pressure in millibars;1013.3 millibars
748489;how big do softshell turtles get;No Answer Present.
748811;definition for oceanology;Oceanology means the branch of science dealing with physical and biological aspects of the oceans.
749083;what does a turtle symbolize;Turtles symbolize begginngs and endings. The tops of their shells represent heaven and the bottom part earth.
749148;what are ocean trenches;Ocean trenches have relatively steep sides falling to the ocean floor. Ocean trenches are typically caused when an oceanic crustal plate slides under a lighter continental plate or another oceanic plate.
751398;what are the benefits of seaweed kelp;Provide Vitamin A ,Vitamin C, Vitamin E and Vitamin K, niacin, folate, choline, potassium, magnesium, iron and zinc among other minerals.
752067;where is jaywick on sea;Jaywick is a seaside village in the Tendring district of Essex, England, 2 miles (3.2 km) west of Clacton-on-Sea.It lies on the North Sea coast of England, 60 miles (97 km) from London and 17 miles (27 km) from Colchester.
758377;cortana how old is a turtle;A turtle age is 15 in human years after its first year and then 25 years old when it's 2, and then it adds on four every year.
759732;how much oxygen comes from the ocean;50 to 70 percentage of oxygen comes from the ocean.
759897;how do artificial reefs promote biodiversity;No Answer Present.
767059;deep cycle marine battery definition;A lead acid battery designed to be regularly deeply discharged using most of its capacity.
769341;definition of tides;The rise and fall of sea levels.
769630;how much pressure does the earth's atmosphere exert at sea level;At sea level the amount of pressure exerted by the Earth's atmosphere is about 14.7 pounds per square inch.
771332;describe variations in salinity through the ocean;The continuous input of fresh water from rivers, precipitation of rain and snow, and melting of ice. Evaporation of ocean water and formation of sea ice both increase the salinity of the ocean.
773161;effect of environmental changes to coral bleaching;Drive large shifts in fish communities.
773588;how can downwelling affect the ocean water around the poles?;When wind causes surface water to build up along a coastline and the surface water eventually sinks toward the bottom. Water that rises to the surface as a result of upwelling is typically colder and is rich in nutrients.
774464;how big can a snapping turtle grow;18 inches long
774833;Hidden cost of giant Australian coal mine;No Answer Present.
777250;how much of the earth surface is covered by oceans?;About 70% of the earth surface is covered by oceans.
778735;biggest aquarium;The Georgia Aquarium in Atlanta.
779442;how big does the common snapping turtle get;Snapping turtle will grow to 18 inches long, and they can weigh up to 45 pounds.
779686;definition of deep sea trench;Deep-sea trench defined as any long, narrow, steep-sided depression in the ocean bottom in which occur the maximum oceanic depths, approximately 7,300 to more than 11,000 metres.
782759;history of the salt flats;The Bonneville Salt Flats of the western Great Salt Lake Desert were formed through the evaporation of the Pleistocene-era Lake Bonneville. The salt flats are actually the bed of that once massive lake which rivaled in size present Lake Michigan. The flats are composed mainly of potash salts ranging in thickness from less than one inch to six feet.
785455;how long can a box turtle live;A box turtle can live 40 years or more.
785738;how can you tell the age of a turtle;Finding the size or weight of a turtle is a next step to determine its age.
786255;how big do box turtles get;Box turtles grows 5 to 6 inches.
788220;what causes clear color lines in ocean water;No Answer Present.
788320;what causes the tide to come in and out;Caused by the gravitational attraction of the moon and the earth.
789298;what do land turtles eat on islands;No Answer Present.
790170;what does a oceanographer do;An oceanographer is a trained scientist who studies the various physical properties and processes of oceans.
790195;how much dha in seaweed;No Answer Present.
790566;what are the turtles called on galapagos;The Galapagos tortoise is proverbial because of its longevity, and only a few people know that it never gets old.
791866;what is apogean tides;No Answer Present.
791887;what domain do turtles belong to;Turtle belongs to the domain eukarya.
792470;measurement of salinity in seawater;No Answer Present.
793449;largest raised coral reef in the world;The Great Barrier Reef is the largest raised coral reef in the world.
793960;how long does turtles live for;Tortoise from Galapagus Islands can live more than 200 years, American box turtle live for over 100 years old, And sea turtles live for 75 years or more.
